escopo,fonte,ano,regiao,uf,municipio,localidade,tabela_ou_serie,indicador,subcategoria,valor,unidade,notas
BR,atlas_pdf_graficos,1985,BR,,,,serie_1985_2023,ocorrencias_campo,total,404,n,
BR,atlas_pdf_graficos,1985,BR,,,,serie_1985_2023,localidades,total,223,n,
BR,atlas_pdf_graficos,1985,BR,,,,serie_1985_2023,terra,ocorrencias,388,n,
BR,atlas_pdf_graficos,1985,BR,,,,serie_1985_2023,agua,ocorrencias,10,n,
BR,atlas_pdf_graficos,1985,BR,,,,serie_1985_2023,trab_escravo,ocorrencias,5,n,
BR,atlas_pdf_graficos,1985,BR,,,,serie_1985_2023,viol_pessoa,total,302,n,
BR,atlas_pdf_graficos,1986,BR,,,,serie_1985_2023,ocorrencias_campo,total,487,n,
BR,atlas_pdf_graficos,1986,BR,,,,serie_1985_2023,localidades,total,200,n,
BR,atlas_pdf_graficos,1986,BR,,,,serie_1985_2023,terra,ocorrencias,452,n,
BR,atlas_pdf_graficos,1986,BR,,,,serie_1985_2023,agua,ocorrencias,10,n,
BR,atlas_pdf_graficos,1986,BR,,,,serie_1985_2023,trab_escravo,ocorrencias,26,n,
BR,atlas_pdf_graficos,1986,BR,,,,serie_1985_2023,viol_pessoa,total,369,n,
BR,atlas_pdf_graficos,1987,BR,,,,serie_1985_2023,ocorrencias_campo,total,828,n,
BR,atlas_pdf_graficos,1987,BR,,,,serie_1985_2023,localidades,total,309,n,
BR,atlas_pdf_graficos,1987,BR,,,,serie_1985_2023,terra,ocorrencias,778,n,
BR,atlas_pdf_graficos,1987,BR,,,,serie_1985_2023,agua,ocorrencias,19,n,
BR,atlas_pdf_graficos,1987,BR,,,,serie_1985_2023,trab_escravo,ocorrencias,31,n,
BR,atlas_pdf_graficos,1987,BR,,,,serie_1985_2023,viol_pessoa,total,608,n,
BR,atlas_pdf_graficos,1988,BR,,,,serie_1985_2023,ocorrencias_campo,total,674,n,
BR,atlas_pdf_graficos,1988,BR,,,,serie_1985_2023,localidades,total,251,n,
BR,atlas_pdf_graficos,1988,BR,,,,serie_1985_2023,terra,ocorrencias,649,n,
BR,atlas_pdf_graficos,1988,BR,,,,serie_1985_2023,agua,ocorrencias,8,n,
BR,atlas_pdf_graficos,1988,BR,,,,serie_1985_2023,trab_escravo,ocorrencias,17,n,
BR,atlas_pdf_graficos,1988,BR,,,,serie_1985_2023,viol_pessoa,total,388,n,
BR,atlas_pdf_graficos,1989,BR,,,,serie_1985_2023,ocorrencias_campo,total,601,n,
BR,atlas_pdf_graficos,1989,BR,,,,serie_1985_2023,localidades,total,218,n,
BR,atlas_pdf_graficos,1989,BR,,,,serie_1985_2023,terra,ocorrencias,582,n,
BR,atlas_pdf_graficos,1989,BR,,,,serie_1985_2023,agua,ocorrencias,1,n,
BR,atlas_pdf_graficos,1989,BR,,,,serie_1985_2023,trab_escravo,ocorrencias,18,n,
BR,atlas_pdf_graficos,1989,BR,,,,serie_1985_2023,viol_pessoa,total,409,n,
BR,atlas_pdf_graficos,1990,BR,,,,serie_1985_2023,ocorrencias_campo,total,596,n,
BR,atlas_pdf_graficos,1990,BR,,,,serie_1985_2023,localidades,total,202,n,
BR,atlas_pdf_graficos,1990,BR,,,,serie_1985_2023,terra,ocorrencias,569,n,
BR,atlas_pdf_graficos,1990,BR,,,,serie_1985_2023,agua,ocorrencias,4,n,
BR,atlas_pdf_graficos,1990,BR,,,,serie_1985_2023,trab_escravo,ocorrencias,25,n,
BR,atlas_pdf_graficos,1990,BR,,,,serie_1985_2023,viol_pessoa,total,408,n,
BR,atlas_pdf_graficos,1991,BR,,,,serie_1985_2023,ocorrencias_campo,total,661,n,
BR,atlas_pdf_graficos,1991,BR,,,,serie_1985_2023,localidades,total,180,n,
BR,atlas_pdf_graficos,1991,BR,,,,serie_1985_2023,terra,ocorrencias,632,n,
BR,atlas_pdf_graficos,1991,BR,,,,serie_1985_2023,agua,ocorrencias,3,n,
BR,atlas_pdf_graficos,1991,BR,,,,serie_1985_2023,trab_escravo,ocorrencias,26,n,
BR,atlas_pdf_graficos,1991,BR,,,,serie_1985_2023,viol_pessoa,total,439,n,
BR,atlas_pdf_graficos,1992,BR,,,,serie_1985_2023,ocorrencias_campo,total,529,n,
BR,atlas_pdf_graficos,1992,BR,,,,serie_1985_2023,localidades,total,150,n,
BR,atlas_pdf_graficos,1992,BR,,,,serie_1985_2023,terra,ocorrencias,507,n,
BR,atlas_pdf_graficos,1992,BR,,,,serie_1985_2023,agua,ocorrencias,3,n,
BR,atlas_pdf_graficos,1992,BR,,,,serie_1985_2023,trab_escravo,ocorrencias,19,n,
BR,atlas_pdf_graficos,1992,BR,,,,serie_1985_2023,viol_pessoa,total,364,n,
BR,atlas_pdf_graficos,1993,BR,,,,serie_1985_2023,ocorrencias_campo,total,654,n,
BR,atlas_pdf_graficos,1993,BR,,,,serie_1985_2023,localidades,total,188,n,
BR,atlas_pdf_graficos,1993,BR,,,,serie_1985_2023,terra,ocorrencias,625,n,
BR,atlas_pdf_graficos,1993,BR,,,,serie_1985_2023,agua,ocorrencias,0,n,
BR,atlas_pdf_graficos,1993,BR,,,,serie_1985_2023,trab_escravo,ocorrencias,29,n,
BR,atlas_pdf_graficos,1993,BR,,,,serie_1985_2023,viol_pessoa,total,358,n,
BR,atlas_pdf_graficos,1994,BR,,,,serie_1985_2023,ocorrencias_campo,total,775,n,
BR,atlas_pdf_graficos,1994,BR,,,,serie_1985_2023,localidades,total,203,n,
BR,atlas_pdf_graficos,1994,BR,,,,serie_1985_2023,terra,ocorrencias,738,n,
BR,atlas_pdf_graficos,1994,BR,,,,serie_1985_2023,agua,ocorrencias,4,n,
BR,atlas_pdf_graficos,1994,BR,,,,serie_1985_2023,trab_escravo,ocorrencias,33,n,
BR,atlas_pdf_graficos,1994,BR,,,,serie_1985_2023,viol_pessoa,total,410,n,
BR,atlas_pdf_graficos,1995,BR,,,,serie_1985_2023,ocorrencias_campo,total,657,n,
BR,atlas_pdf_graficos,1995,BR,,,,serie_1985_2023,localidades,total,176,n,
BR,atlas_pdf_graficos,1995,BR,,,,serie_1985_2023,terra,ocorrencias,626,n,
BR,atlas_pdf_graficos,1995,BR,,,,serie_1985_2023,agua,ocorrencias,8,n,
BR,atlas_pdf_graficos,1995,BR,,,,serie_1985_2023,trab_escravo,ocorrencias,23,n,
BR,atlas_pdf_graficos,1995,BR,,,,serie_1985_2023,viol_pessoa,total,320,n,
BR,atlas_pdf_graficos,1996,BR,,,,serie_1985_2023,ocorrencias_campo,total,973,n,
BR,atlas_pdf_graficos,1996,BR,,,,serie_1985_2023,localidades,total,302,n,
BR,atlas_pdf_graficos,1996,BR,,,,serie_1985_2023,terra,ocorrencias,944,n,
BR,atlas_pdf_graficos,1996,BR,,,,serie_1985_2023,agua,ocorrencias,7,n,
BR,atlas_pdf_graficos,1996,BR,,,,serie_1985_2023,trab_escravo,ocorrencias,22,n,
BR,atlas_pdf_graficos,1996,BR,,,,serie_1985_2023,viol_pessoa,total,320,n,
BR,atlas_pdf_graficos,1997,BR,,,,serie_1985_2023,ocorrencias_campo,total,1141,n,
BR,atlas_pdf_graficos,1997,BR,,,,serie_1985_2023,localidades,total,341,n,
BR,atlas_pdf_graficos,1997,BR,,,,serie_1985_2023,terra,ocorrencias,1119,n,
BR,atlas_pdf_graficos,1997,BR,,,,serie_1985_2023,agua,ocorrencias,5,n,
BR,atlas_pdf_graficos,1997,BR,,,,serie_1985_2023,trab_escravo,ocorrencias,17,n,
BR,atlas_pdf_graficos,1997,BR,,,,serie_1985_2023,viol_pessoa,total,257,n,
BR,atlas_pdf_graficos,1998,BR,,,,serie_1985_2023,ocorrencias_campo,total,1492,n,
BR,atlas_pdf_graficos,1998,BR,,,,serie_1985_2023,localidades,total,458,n,
BR,atlas_pdf_graficos,1998,BR,,,,serie_1985_2023,terra,ocorrencias,1466,n,
BR,atlas_pdf_graficos,1998,BR,,,,serie_1985_2023,agua,ocorrencias,10,n,
BR,atlas_pdf_graficos,1998,BR,,,,serie_1985_2023,trab_escravo,ocorrencias,16,n,
BR,atlas_pdf_graficos,1998,BR,,,,serie_1985_2023,viol_pessoa,total,426,n,
BR,atlas_pdf_graficos,1999,BR,,,,serie_1985_2023,ocorrencias_campo,total,1545,n,
BR,atlas_pdf_graficos,1999,BR,,,,serie_1985_2023,localidades,total,441,n,
BR,atlas_pdf_graficos,1999,BR,,,,serie_1985_2023,terra,ocorrencias,1524,n,
BR,atlas_pdf_graficos,1999,BR,,,,serie_1985_2023,agua,ocorrencias,6,n,
BR,atlas_pdf_graficos,1999,BR,,,,serie_1985_2023,trab_escravo,ocorrencias,15,n,
BR,atlas_pdf_graficos,1999,BR,,,,serie_1985_2023,viol_pessoa,total,500,n,
BR,atlas_pdf_graficos,2000,BR,,,,serie_1985_2023,ocorrencias_campo,total,1137,n,
BR,atlas_pdf_graficos,2000,BR,,,,serie_1985_2023,localidades,total,390,n,
BR,atlas_pdf_graficos,2000,BR,,,,serie_1985_2023,terra,ocorrencias,1114,n,
BR,atlas_pdf_graficos,2000,BR,,,,serie_1985_2023,agua,ocorrencias,2,n,
BR,atlas_pdf_graficos,2000,BR,,,,serie_1985_2023,trab_escravo,ocorrencias,21,n,
BR,atlas_pdf_graficos,2000,BR,,,,serie_1985_2023,viol_pessoa,total,389,n,
BR,atlas_pdf_graficos,2001,BR,,,,serie_1985_2023,ocorrencias_campo,total,776,n,
BR,atlas_pdf_graficos,2001,BR,,,,serie_1985_2023,localidades,total,322,n,
BR,atlas_pdf_graficos,2001,BR,,,,serie_1985_2023,terra,ocorrencias,725,n,
BR,atlas_pdf_graficos,2001,BR,,,,serie_1985_2023,agua,ocorrencias,2,n,
BR,atlas_pdf_graficos,2001,BR,,,,serie_1985_2023,trab_escravo,ocorrencias,49,n,
BR,atlas_pdf_graficos,2001,BR,,,,serie_1985_2023,viol_pessoa,total,362,n,
BR,atlas_pdf_graficos,2002,BR,,,,serie_1985_2023,ocorrencias_campo,total,976,n,
BR,atlas_pdf_graficos,2002,BR,,,,serie_1985_2023,localidades,total,434,n,
BR,atlas_pdf_graficos,2002,BR,,,,serie_1985_2023,terra,ocorrencias,813,n,
BR,atlas_pdf_graficos,2002,BR,,,,serie_1985_2023,agua,ocorrencias,12,n,
BR,atlas_pdf_graficos,2002,BR,,,,serie_1985_2023,trab_escravo,ocorrencias,151,n,
BR,atlas_pdf_graficos,2002,BR,,,,serie_1985_2023,viol_pessoa,total,489,n,
BR,atlas_pdf_graficos,2003,BR,,,,serie_1985_2023,ocorrencias_campo,total,1750,n,
BR,atlas_pdf_graficos,2003,BR,,,,serie_1985_2023,localidades,total,721,n,
BR,atlas_pdf_graficos,2003,BR,,,,serie_1985_2023,terra,ocorrencias,1493,n,
BR,atlas_pdf_graficos,2003,BR,,,,serie_1985_2023,agua,ocorrencias,25,n,
BR,atlas_pdf_graficos,2003,BR,,,,serie_1985_2023,trab_escravo,ocorrencias,232,n,
BR,atlas_pdf_graficos,2003,BR,,,,serie_1985_2023,viol_pessoa,total,501,n,
BR,atlas_pdf_graficos,2004,BR,,,,serie_1985_2023,ocorrencias_campo,total,1813,n,
BR,atlas_pdf_graficos,2004,BR,,,,serie_1985_2023,localidades,total,686,n,
BR,atlas_pdf_graficos,2004,BR,,,,serie_1985_2023,terra,ocorrencias,1514,n,
BR,atlas_pdf_graficos,2004,BR,,,,serie_1985_2023,agua,ocorrencias,62,n,
BR,atlas_pdf_graficos,2004,BR,,,,serie_1985_2023,trab_escravo,ocorrencias,237,n,
BR,atlas_pdf_graficos,2004,BR,,,,serie_1985_2023,viol_pessoa,total,652,n,
BR,atlas_pdf_graficos,2005,BR,,,,serie_1985_2023,ocorrencias_campo,total,1838,n,
BR,atlas_pdf_graficos,2005,BR,,,,serie_1985_2023,localidades,total,732,n,
BR,atlas_pdf_graficos,2005,BR,,,,serie_1985_2023,terra,ocorrencias,1488,n,
BR,atlas_pdf_graficos,2005,BR,,,,serie_1985_2023,agua,ocorrencias,74,n,
BR,atlas_pdf_graficos,2005,BR,,,,serie_1985_2023,trab_escravo,ocorrencias,276,n,
BR,atlas_pdf_graficos,2005,BR,,,,serie_1985_2023,viol_pessoa,total,543,n,
BR,atlas_pdf_graficos,2006,BR,,,,serie_1985_2023,ocorrencias_campo,total,1640,n,
BR,atlas_pdf_graficos,2006,BR,,,,serie_1985_2023,localidades,total,608,n,
BR,atlas_pdf_graficos,2006,BR,,,,serie_1985_2023,terra,ocorrencias,1329,n,
BR,atlas_pdf_graficos,2006,BR,,,,serie_1985_2023,agua,ocorrencias,47,n,
BR,atlas_pdf_graficos,2006,BR,,,,serie_1985_2023,trab_escravo,ocorrencias,264,n,
BR,atlas_pdf_graficos,2006,BR,,,,serie_1985_2023,viol_pessoa,total,480,n,
BR,atlas_pdf_graficos,2007,BR,,,,serie_1985_2023,ocorrencias_campo,total,1500,n,
BR,atlas_pdf_graficos,2007,BR,,,,serie_1985_2023,localidades,total,594,n,
BR,atlas_pdf_graficos,2007,BR,,,,serie_1985_2023,terra,ocorrencias,1138,n,
BR,atlas_pdf_graficos,2007,BR,,,,serie_1985_2023,agua,ocorrencias,94,n,
BR,atlas_pdf_graficos,2007,BR,,,,serie_1985_2023,trab_escravo,ocorrencias,268,n,
BR,atlas_pdf_graficos,2007,BR,,,,serie_1985_2023,viol_pessoa,total,386,n,
BR,atlas_pdf_graficos,2008,BR,,,,serie_1985_2023,ocorrencias_campo,total,1176,n,
BR,atlas_pdf_graficos,2008,BR,,,,serie_1985_2023,localidades,total,478,n,
BR,atlas_pdf_graficos,2008,BR,,,,serie_1985_2023,terra,ocorrencias,846,n,
BR,atlas_pdf_graficos,2008,BR,,,,serie_1985_2023,agua,ocorrencias,48,n,
BR,atlas_pdf_graficos,2008,BR,,,,serie_1985_2023,trab_escravo,ocorrencias,282,n,
BR,atlas_pdf_graficos,2008,BR,,,,serie_1985_2023,viol_pessoa,total,229,n,
BR,atlas_pdf_graficos,2009,BR,,,,serie_1985_2023,ocorrencias_campo,total,1232,n,
BR,atlas_pdf_graficos,2009,BR,,,,serie_1985_2023,localidades,total,444,n,
BR,atlas_pdf_graficos,2009,BR,,,,serie_1985_2023,terra,ocorrencias,935,n,
BR,atlas_pdf_graficos,2009,BR,,,,serie_1985_2023,agua,ocorrencias,57,n,
BR,atlas_pdf_graficos,2009,BR,,,,serie_1985_2023,trab_escravo,ocorrencias,240,n,
BR,atlas_pdf_graficos,2009,BR,,,,serie_1985_2023,viol_pessoa,total,310,n,
BR,atlas_pdf_graficos,2010,BR,,,,serie_1985_2023,ocorrencias_campo,total,1231,n,
BR,atlas_pdf_graficos,2010,BR,,,,serie_1985_2023,localidades,total,474,n,
BR,atlas_pdf_graficos,2010,BR,,,,serie_1985_2023,terra,ocorrencias,934,n,
BR,atlas_pdf_graficos,2010,BR,,,,serie_1985_2023,agua,ocorrencias,92,n,
BR,atlas_pdf_graficos,2010,BR,,,,serie_1985_2023,trab_escravo,ocorrencias,205,n,
BR,atlas_pdf_graficos,2010,BR,,,,serie_1985_2023,viol_pessoa,total,268,n,
BR,atlas_pdf_graficos,2011,BR,,,,serie_1985_2023,ocorrencias_campo,total,1411,n,
BR,atlas_pdf_graficos,2011,BR,,,,serie_1985_2023,localidades,total,591,n,
BR,atlas_pdf_graficos,2011,BR,,,,serie_1985_2023,terra,ocorrencias,1109,n,
BR,atlas_pdf_graficos,2011,BR,,,,serie_1985_2023,agua,ocorrencias,72,n,
BR,atlas_pdf_graficos,2011,BR,,,,serie_1985_2023,trab_escravo,ocorrencias,230,n,
BR,atlas_pdf_graficos,2011,BR,,,,serie_1985_2023,viol_pessoa,total,444,n,
BR,atlas_pdf_graficos,2012,BR,,,,serie_1985_2023,ocorrencias_campo,total,1399,n,
BR,atlas_pdf_graficos,2012,BR,,,,serie_1985_2023,localidades,total,465,n,
BR,atlas_pdf_graficos,2012,BR,,,,serie_1985_2023,terra,ocorrencias,1145,n,
BR,atlas_pdf_graficos,2012,BR,,,,serie_1985_2023,agua,ocorrencias,84,n,
BR,atlas_pdf_graficos,2012,BR,,,,serie_1985_2023,trab_escravo,ocorrencias,170,n,
BR,atlas_pdf_graficos,2012,BR,,,,serie_1985_2023,viol_pessoa,total,418,n,
BR,atlas_pdf_graficos,2013,BR,,,,serie_1985_2023,ocorrencias_campo,total,1359,n,
BR,atlas_pdf_graficos,2013,BR,,,,serie_1985_2023,localidades,total,413,n,
BR,atlas_pdf_graficos,2013,BR,,,,serie_1985_2023,terra,ocorrencias,1104,n,
BR,atlas_pdf_graficos,2013,BR,,,,serie_1985_2023,agua,ocorrencias,112,n,
BR,atlas_pdf_graficos,2013,BR,,,,serie_1985_2023,trab_escravo,ocorrencias,143,n,
BR,atlas_pdf_graficos,2013,BR,,,,serie_1985_2023,viol_pessoa,total,337,n,
BR,atlas_pdf_graficos,2014,BR,,,,serie_1985_2023,ocorrencias_campo,total,1388,n,
BR,atlas_pdf_graficos,2014,BR,,,,serie_1985_2023,localidades,total,485,n,
BR,atlas_pdf_graficos,2014,BR,,,,serie_1985_2023,terra,ocorrencias,1119,n,
BR,atlas_pdf_graficos,2014,BR,,,,serie_1985_2023,agua,ocorrencias,137,n,
BR,atlas_pdf_graficos,2014,BR,,,,serie_1985_2023,trab_escravo,ocorrencias,132,n,
BR,atlas_pdf_graficos,2014,BR,,,,serie_1985_2023,viol_pessoa,total,329,n,
BR,atlas_pdf_graficos,2015,BR,,,,serie_1985_2023,ocorrencias_campo,total,1373,n,
BR,atlas_pdf_graficos,2015,BR,,,,serie_1985_2023,localidades,total,444,n,
BR,atlas_pdf_graficos,2015,BR,,,,serie_1985_2023,terra,ocorrencias,1130,n,
BR,atlas_pdf_graficos,2015,BR,,,,serie_1985_2023,agua,ocorrencias,163,n,
BR,atlas_pdf_graficos,2015,BR,,,,serie_1985_2023,trab_escravo,ocorrencias,80,n,
BR,atlas_pdf_graficos,2015,BR,,,,serie_1985_2023,viol_pessoa,total,275,n,
BR,atlas_pdf_graficos,2016,BR,,,,serie_1985_2023,ocorrencias_campo,total,1636,n,
BR,atlas_pdf_graficos,2016,BR,,,,serie_1985_2023,localidades,total,472,n,
BR,atlas_pdf_graficos,2016,BR,,,,serie_1985_2023,terra,ocorrencias,1385,n,
BR,atlas_pdf_graficos,2016,BR,,,,serie_1985_2023,agua,ocorrencias,183,n,
BR,atlas_pdf_graficos,2016,BR,,,,serie_1985_2023,trab_escravo,ocorrencias,68,n,
BR,atlas_pdf_graficos,2016,BR,,,,serie_1985_2023,viol_pessoa,total,411,n,
BR,atlas_pdf_graficos,2017,BR,,,,serie_1985_2023,ocorrencias_campo,total,1524,n,
BR,atlas_pdf_graficos,2017,BR,,,,serie_1985_2023,localidades,total,415,n,
BR,atlas_pdf_graficos,2017,BR,,,,serie_1985_2023,terra,ocorrencias,1256,n,
BR,atlas_pdf_graficos,2017,BR,,,,serie_1985_2023,agua,ocorrencias,201,n,
BR,atlas_pdf_graficos,2017,BR,,,,serie_1985_2023,trab_escravo,ocorrencias,67,n,
BR,atlas_pdf_graficos,2017,BR,,,,serie_1985_2023,viol_pessoa,total,470,n,
BR,atlas_pdf_graficos,2018,BR,,,,serie_1985_2023,ocorrencias_campo,total,1562,n,
BR,atlas_pdf_graficos,2018,BR,,,,serie_1985_2023,localidades,total,434,n,
BR,atlas_pdf_graficos,2018,BR,,,,serie_1985_2023,terra,ocorrencias,1195,n,
BR,atlas_pdf_graficos,2018,BR,,,,serie_1985_2023,agua,ocorrencias,281,n,
BR,atlas_pdf_graficos,2018,BR,,,,serie_1985_2023,trab_escravo,ocorrencias,86,n,
BR,atlas_pdf_graficos,2018,BR,,,,serie_1985_2023,viol_pessoa,total,255,n,
BR,atlas_pdf_graficos,2019,BR,,,,serie_1985_2023,ocorrencias_campo,total,1962,n,
BR,atlas_pdf_graficos,2019,BR,,,,serie_1985_2023,localidades,total,607,n,
BR,atlas_pdf_graficos,2019,BR,,,,serie_1985_2023,terra,ocorrencias,1364,n,
BR,atlas_pdf_graficos,2019,BR,,,,serie_1985_2023,agua,ocorrencias,509,n,
BR,atlas_pdf_graficos,2019,BR,,,,serie_1985_2023,trab_escravo,ocorrencias,89,n,
BR,atlas_pdf_graficos,2019,BR,,,,serie_1985_2023,viol_pessoa,total,298,n,
BR,atlas_pdf_graficos,2020,BR,,,,serie_1985_2023,ocorrencias_campo,total,2127,n,
BR,atlas_pdf_graficos,2020,BR,,,,serie_1985_2023,localidades,total,498,n,
BR,atlas_pdf_graficos,2020,BR,,,,serie_1985_2023,terra,ocorrencias,1669,n,
BR,atlas_pdf_graficos,2020,BR,,,,serie_1985_2023,agua,ocorrencias,363,n,
BR,atlas_pdf_graficos,2020,BR,,,,serie_1985_2023,trab_escravo,ocorrencias,95,n,
BR,atlas_pdf_graficos,2020,BR,,,,serie_1985_2023,viol_pessoa,total,215,n,
BR,atlas_pdf_graficos,2021,BR,,,,serie_1985_2023,ocorrencias_campo,total,1838,n,
BR,atlas_pdf_graficos,2021,BR,,,,serie_1985_2023,localidades,total,444,n,
BR,atlas_pdf_graficos,2021,BR,,,,serie_1985_2023,terra,ocorrencias,1356,n,
BR,atlas_pdf_graficos,2021,BR,,,,serie_1985_2023,agua,ocorrencias,312,n,
BR,atlas_pdf_graficos,2021,BR,,,,serie_1985_2023,trab_escravo,ocorrencias,170,n,
BR,atlas_pdf_graficos,2021,BR,,,,serie_1985_2023,viol_pessoa,total,195,n,
BR,atlas_pdf_graficos,2022,BR,,,,serie_1985_2023,ocorrencias_campo,total,2036,n,
BR,atlas_pdf_graficos,2022,BR,,,,serie_1985_2023,localidades,total,543,n,
BR,atlas_pdf_graficos,2022,BR,,,,serie_1985_2023,terra,ocorrencias,1602,n,
BR,atlas_pdf_graficos,2022,BR,,,,serie_1985_2023,agua,ocorrencias,228,n,
BR,atlas_pdf_graficos,2022,BR,,,,serie_1985_2023,trab_escravo,ocorrencias,206,n,
BR,atlas_pdf_graficos,2022,BR,,,,serie_1985_2023,viol_pessoa,total,284,n,
BR,atlas_pdf_graficos,2023,BR,,,,serie_1985_2023,ocorrencias_campo,total,2200,n,
BR,atlas_pdf_graficos,2023,BR,,,,serie_1985_2023,localidades,total,587,n,
BR,atlas_pdf_graficos,2023,BR,,,,serie_1985_2023,terra,ocorrencias,1724,n,
BR,atlas_pdf_graficos,2023,BR,,,,serie_1985_2023,agua,ocorrencias,225,n,
BR,atlas_pdf_graficos,2023,BR,,,,serie_1985_2023,trab_escravo,ocorrencias,251,n,
BR,atlas_pdf_graficos,2023,BR,,,,serie_1985_2023,viol_pessoa,total,263,n,
BR,quadro1,2023,BR,,,,quadro1,total_ocorrencias_campo,acum_1985_2023,50950,ocorrencias,atlas_sintese
META,nota,0,,,,,meta,ano_2024,fora_do_atlas,0,info,Dados_2024_e_municipios_nao_constam_do_PDF_Atlas_1985-2023
UF,img_t4_2023,2023,CO,DF,,,t4_terra_2023,cpt_terra,oc,3,n,undefined
UF,img_t4_2023,2023,CO,DF,,,t4_terra_2023,cpt_terra,fam,184,n,undefined
UF,img_t4_2023,2023,CO,DF,,,t4_terra_2023,ocup,oc,1,n,undefined
UF,img_t4_2023,2023,CO,DF,,,t4_terra_2023,ocup,fam,200,n,undefined
UF,img_t4_2023,2023,CO,DF,,,t4_terra_2023,acamp,oc,0,n,undefined
UF,img_t4_2023,2023,CO,DF,,,t4_terra_2023,acamp,fam,0,n,undefined
UF,img_t4_2023,2023,CO,DF,,,t4_terra_2023,total_uf,oc,4,n,undefined
UF,img_t4_2023,2023,CO,DF,,,t4_terra_2023,total_uf,fam,384,n,undefined
UF,img_t4_2023,2023,CO,GO,,,t4_terra_2023,cpt_terra,oc,137,n,undefined
UF,img_t4_2023,2023,CO,GO,,,t4_terra_2023,cpt_terra,fam,3887,n,undefined
UF,img_t4_2023,2023,CO,GO,,,t4_terra_2023,ocup,oc,3,n,undefined
UF,img_t4_2023,2023,CO,GO,,,t4_terra_2023,ocup,fam,660,n,undefined
UF,img_t4_2023,2023,CO,GO,,,t4_terra_2023,acamp,oc,0,n,undefined
UF,img_t4_2023,2023,CO,GO,,,t4_terra_2023,acamp,fam,0,n,undefined
UF,img_t4_2023,2023,CO,GO,,,t4_terra_2023,total_uf,oc,140,n,undefined
UF,img_t4_2023,2023,CO,GO,,,t4_terra_2023,total_uf,fam,3887,n,undefined
UF,img_t4_2023,2023,CO,MS,,,t4_terra_2023,cpt_terra,oc,105,n,undefined
UF,img_t4_2023,2023,CO,MS,,,t4_terra_2023,cpt_terra,fam,20375,n,undefined
UF,img_t4_2023,2023,CO,MS,,,t4_terra_2023,ocup,oc,10,n,undefined
UF,img_t4_2023,2023,CO,MS,,,t4_terra_2023,ocup,fam,265,n,undefined
UF,img_t4_2023,2023,CO,MS,,,t4_terra_2023,acamp,oc,1,n,undefined
UF,img_t4_2023,2023,CO,MS,,,t4_terra_2023,acamp,fam,350,n,undefined
UF,img_t4_2023,2023,CO,MS,,,t4_terra_2023,total_uf,oc,116,n,undefined
UF,img_t4_2023,2023,CO,MS,,,t4_terra_2023,total_uf,fam,20730,n,undefined
UF,img_t4_2023,2023,CO,MT,,,t4_terra_2023,cpt_terra,oc,39,n,undefined
UF,img_t4_2023,2023,CO,MT,,,t4_terra_2023,cpt_terra,fam,2977,n,undefined
UF,img_t4_2023,2023,CO,MT,,,t4_terra_2023,ocup,oc,1,n,undefined
UF,img_t4_2023,2023,CO,MT,,,t4_terra_2023,ocup,fam,80,n,undefined
UF,img_t4_2023,2023,CO,MT,,,t4_terra_2023,acamp,oc,0,n,undefined
UF,img_t4_2023,2023,CO,MT,,,t4_terra_2023,acamp,fam,0,n,undefined
UF,img_t4_2023,2023,CO,MT,,,t4_terra_2023,total_uf,oc,40,n,undefined
UF,img_t4_2023,2023,CO,MT,,,t4_terra_2023,total_uf,fam,3057,n,undefined
UF,img_t4_2023,2023,NE,AL,,,t4_terra_2023,cpt_terra,oc,24,n,undefined
UF,img_t4_2023,2023,NE,AL,,,t4_terra_2023,cpt_terra,fam,3274,n,undefined
UF,img_t4_2023,2023,NE,AL,,,t4_terra_2023,ocup,oc,4,n,undefined
UF,img_t4_2023,2023,NE,AL,,,t4_terra_2023,ocup,fam,361,n,undefined
UF,img_t4_2023,2023,NE,AL,,,t4_terra_2023,acamp,oc,0,n,undefined
UF,img_t4_2023,2023,NE,AL,,,t4_terra_2023,acamp,fam,0,n,undefined
UF,img_t4_2023,2023,NE,AL,,,t4_terra_2023,total_uf,oc,28,n,undefined
UF,img_t4_2023,2023,NE,AL,,,t4_terra_2023,total_uf,fam,3635,n,undefined
UF,img_t4_2023,2023,NE,BA,,,t4_terra_2023,cpt_terra,oc,172,n,undefined
UF,img_t4_2023,2023,NE,BA,,,t4_terra_2023,cpt_terra,fam,18330,n,undefined
UF,img_t4_2023,2023,NE,BA,,,t4_terra_2023,ocup,oc,26,n,undefined
UF,img_t4_2023,2023,NE,BA,,,t4_terra_2023,ocup,fam,4956,n,undefined
UF,img_t4_2023,2023,NE,BA,,,t4_terra_2023,acamp,oc,4,n,undefined
UF,img_t4_2023,2023,NE,BA,,,t4_terra_2023,acamp,fam,365,n,undefined
UF,img_t4_2023,2023,NE,BA,,,t4_terra_2023,total_uf,oc,202,n,undefined
UF,img_t4_2023,2023,NE,BA,,,t4_terra_2023,total_uf,fam,19033,n,undefined
UF,img_t4_2023,2023,NE,CE,,,t4_terra_2023,cpt_terra,oc,10,n,undefined
UF,img_t4_2023,2023,NE,CE,,,t4_terra_2023,cpt_terra,fam,649,n,undefined
UF,img_t4_2023,2023,NE,CE,,,t4_terra_2023,ocup,oc,3,n,undefined
UF,img_t4_2023,2023,NE,CE,,,t4_terra_2023,ocup,fam,515,n,undefined
UF,img_t4_2023,2023,NE,CE,,,t4_terra_2023,acamp,oc,0,n,undefined
UF,img_t4_2023,2023,NE,CE,,,t4_terra_2023,acamp,fam,0,n,undefined
UF,img_t4_2023,2023,NE,CE,,,t4_terra_2023,total_uf,oc,13,n,undefined
UF,img_t4_2023,2023,NE,CE,,,t4_terra_2023,total_uf,fam,734,n,undefined
UF,img_t4_2023,2023,NE,MA,,,t4_terra_2023,cpt_terra,oc,170,n,undefined
UF,img_t4_2023,2023,NE,MA,,,t4_terra_2023,cpt_terra,fam,17074,n,undefined
UF,img_t4_2023,2023,NE,MA,,,t4_terra_2023,ocup,oc,1,n,undefined
UF,img_t4_2023,2023,NE,MA,,,t4_terra_2023,ocup,fam,150,n,undefined
UF,img_t4_2023,2023,NE,MA,,,t4_terra_2023,acamp,oc,0,n,undefined
UF,img_t4_2023,2023,NE,MA,,,t4_terra_2023,acamp,fam,0,n,undefined
UF,img_t4_2023,2023,NE,MA,,,t4_terra_2023,total_uf,oc,171,n,undefined
UF,img_t4_2023,2023,NE,MA,,,t4_terra_2023,total_uf,fam,17074,n,undefined
UF,img_t4_2023,2023,NE,PB,,,t4_terra_2023,cpt_terra,oc,20,n,undefined
UF,img_t4_2023,2023,NE,PB,,,t4_terra_2023,cpt_terra,fam,1459,n,undefined
UF,img_t4_2023,2023,NE,PB,,,t4_terra_2023,ocup,oc,1,n,undefined
UF,img_t4_2023,2023,NE,PB,,,t4_terra_2023,ocup,fam,0,n,undefined
UF,img_t4_2023,2023,NE,PB,,,t4_terra_2023,acamp,oc,0,n,undefined
UF,img_t4_2023,2023,NE,PB,,,t4_terra_2023,acamp,fam,0,n,undefined
UF,img_t4_2023,2023,NE,PB,,,t4_terra_2023,total_uf,oc,21,n,undefined
UF,img_t4_2023,2023,NE,PB,,,t4_terra_2023,total_uf,fam,1459,n,undefined
UF,img_t4_2023,2023,NE,PE,,,t4_terra_2023,cpt_terra,oc,39,n,undefined
UF,img_t4_2023,2023,NE,PE,,,t4_terra_2023,cpt_terra,fam,1894,n,undefined
UF,img_t4_2023,2023,NE,PE,,,t4_terra_2023,ocup,oc,16,n,undefined
UF,img_t4_2023,2023,NE,PE,,,t4_terra_2023,ocup,fam,3370,n,undefined
UF,img_t4_2023,2023,NE,PE,,,t4_terra_2023,acamp,oc,0,n,undefined
UF,img_t4_2023,2023,NE,PE,,,t4_terra_2023,acamp,fam,0,n,undefined
UF,img_t4_2023,2023,NE,PE,,,t4_terra_2023,total_uf,oc,55,n,undefined
UF,img_t4_2023,2023,NE,PE,,,t4_terra_2023,total_uf,fam,4524,n,undefined
UF,img_t4_2023,2023,NE,PI,,,t4_terra_2023,cpt_terra,oc,15,n,undefined
UF,img_t4_2023,2023,NE,PI,,,t4_terra_2023,cpt_terra,fam,252,n,undefined
UF,img_t4_2023,2023,NE,PI,,,t4_terra_2023,ocup,oc,0,n,undefined
UF,img_t4_2023,2023,NE,PI,,,t4_terra_2023,ocup,fam,0,n,undefined
UF,img_t4_2023,2023,NE,PI,,,t4_terra_2023,acamp,oc,0,n,undefined
UF,img_t4_2023,2023,NE,PI,,,t4_terra_2023,acamp,fam,0,n,undefined
UF,img_t4_2023,2023,NE,PI,,,t4_terra_2023,total_uf,oc,15,n,undefined
UF,img_t4_2023,2023,NE,PI,,,t4_terra_2023,total_uf,fam,252,n,undefined
UF,img_t4_2023,2023,NE,RN,,,t4_terra_2023,cpt_terra,oc,15,n,undefined
UF,img_t4_2023,2023,NE,RN,,,t4_terra_2023,cpt_terra,fam,2488,n,undefined
UF,img_t4_2023,2023,NE,RN,,,t4_terra_2023,ocup,oc,5,n,undefined
UF,img_t4_2023,2023,NE,RN,,,t4_terra_2023,ocup,fam,955,n,undefined
UF,img_t4_2023,2023,NE,RN,,,t4_terra_2023,acamp,oc,0,n,undefined
UF,img_t4_2023,2023,NE,RN,,,t4_terra_2023,acamp,fam,0,n,undefined
UF,img_t4_2023,2023,NE,RN,,,t4_terra_2023,total_uf,oc,20,n,undefined
UF,img_t4_2023,2023,NE,RN,,,t4_terra_2023,total_uf,fam,3443,n,undefined
UF,img_t4_2023,2023,NE,SE,,,t4_terra_2023,cpt_terra,oc,5,n,undefined
UF,img_t4_2023,2023,NE,SE,,,t4_terra_2023,cpt_terra,fam,887,n,undefined
UF,img_t4_2023,2023,NE,SE,,,t4_terra_2023,ocup,oc,0,n,undefined
UF,img_t4_2023,2023,NE,SE,,,t4_terra_2023,ocup,fam,0,n,undefined
UF,img_t4_2023,2023,NE,SE,,,t4_terra_2023,acamp,oc,0,n,undefined
UF,img_t4_2023,2023,NE,SE,,,t4_terra_2023,acamp,fam,0,n,undefined
UF,img_t4_2023,2023,NE,SE,,,t4_terra_2023,total_uf,oc,5,n,undefined
UF,img_t4_2023,2023,NE,SE,,,t4_terra_2023,total_uf,fam,887,n,undefined
UF,img_t4_2023,2023,NO,AC,,,t4_terra_2023,cpt_terra,oc,82,n,undefined
UF,img_t4_2023,2023,NO,AC,,,t4_terra_2023,cpt_terra,fam,8656,n,undefined
UF,img_t4_2023,2023,NO,AC,,,t4_terra_2023,ocup,oc,1,n,undefined
UF,img_t4_2023,2023,NO,AC,,,t4_terra_2023,ocup,fam,64,n,undefined
UF,img_t4_2023,2023,NO,AC,,,t4_terra_2023,acamp,oc,1,n,undefined
UF,img_t4_2023,2023,NO,AC,,,t4_terra_2023,acamp,fam,64,n,undefined
UF,img_t4_2023,2023,NO,AC,,,t4_terra_2023,total_uf,oc,84,n,undefined
UF,img_t4_2023,2023,NO,AC,,,t4_terra_2023,total_uf,fam,8656,n,undefined
UF,img_t4_2023,2023,NO,AM,,,t4_terra_2023,cpt_terra,oc,82,n,undefined
UF,img_t4_2023,2023,NO,AM,,,t4_terra_2023,cpt_terra,fam,16805,n,undefined
UF,img_t4_2023,2023,NO,AM,,,t4_terra_2023,ocup,oc,4,n,undefined
UF,img_t4_2023,2023,NO,AM,,,t4_terra_2023,ocup,fam,450,n,undefined
UF,img_t4_2023,2023,NO,AM,,,t4_terra_2023,acamp,oc,0,n,undefined
UF,img_t4_2023,2023,NO,AM,,,t4_terra_2023,acamp,fam,0,n,undefined
UF,img_t4_2023,2023,NO,AM,,,t4_terra_2023,total_uf,oc,86,n,undefined
UF,img_t4_2023,2023,NO,AM,,,t4_terra_2023,total_uf,fam,16805,n,undefined
UF,img_t4_2023,2023,NO,AP,,,t4_terra_2023,cpt_terra,oc,65,n,undefined
UF,img_t4_2023,2023,NO,AP,,,t4_terra_2023,cpt_terra,fam,2934,n,undefined
UF,img_t4_2023,2023,NO,AP,,,t4_terra_2023,ocup,oc,1,n,undefined
UF,img_t4_2023,2023,NO,AP,,,t4_terra_2023,ocup,fam,20,n,undefined
UF,img_t4_2023,2023,NO,AP,,,t4_terra_2023,acamp,oc,0,n,undefined
UF,img_t4_2023,2023,NO,AP,,,t4_terra_2023,acamp,fam,0,n,undefined
UF,img_t4_2023,2023,NO,AP,,,t4_terra_2023,total_uf,oc,66,n,undefined
UF,img_t4_2023,2023,NO,AP,,,t4_terra_2023,total_uf,fam,2934,n,undefined
UF,img_t4_2023,2023,NO,PA,,,t4_terra_2023,cpt_terra,oc,178,n,undefined
UF,img_t4_2023,2023,NO,PA,,,t4_terra_2023,cpt_terra,fam,37597,n,undefined
UF,img_t4_2023,2023,NO,PA,,,t4_terra_2023,ocup,oc,3,n,undefined
UF,img_t4_2023,2023,NO,PA,,,t4_terra_2023,ocup,fam,1101,n,undefined
UF,img_t4_2023,2023,NO,PA,,,t4_terra_2023,acamp,oc,2,n,undefined
UF,img_t4_2023,2023,NO,PA,,,t4_terra_2023,acamp,fam,1038,n,undefined
UF,img_t4_2023,2023,NO,PA,,,t4_terra_2023,total_uf,oc,183,n,undefined
UF,img_t4_2023,2023,NO,PA,,,t4_terra_2023,total_uf,fam,38597,n,undefined
UF,img_t4_2023,2023,NO,RO,,,t4_terra_2023,cpt_terra,oc,149,n,undefined
UF,img_t4_2023,2023,NO,RO,,,t4_terra_2023,cpt_terra,fam,9573,n,undefined
UF,img_t4_2023,2023,NO,RO,,,t4_terra_2023,ocup,oc,9,n,undefined
UF,img_t4_2023,2023,NO,RO,,,t4_terra_2023,ocup,fam,401,n,undefined
UF,img_t4_2023,2023,NO,RO,,,t4_terra_2023,acamp,oc,4,n,undefined
UF,img_t4_2023,2023,NO,RO,,,t4_terra_2023,acamp,fam,200,n,undefined
UF,img_t4_2023,2023,NO,RO,,,t4_terra_2023,total_uf,oc,162,n,undefined
UF,img_t4_2023,2023,NO,RO,,,t4_terra_2023,total_uf,fam,9573,n,undefined
UF,img_t4_2023,2023,NO,RR,,,t4_terra_2023,cpt_terra,oc,48,n,undefined
UF,img_t4_2023,2023,NO,RR,,,t4_terra_2023,cpt_terra,fam,11939,n,undefined
UF,img_t4_2023,2023,NO,RR,,,t4_terra_2023,ocup,oc,1,n,undefined
UF,img_t4_2023,2023,NO,RR,,,t4_terra_2023,ocup,fam,125,n,undefined
UF,img_t4_2023,2023,NO,RR,,,t4_terra_2023,acamp,oc,0,n,undefined
UF,img_t4_2023,2023,NO,RR,,,t4_terra_2023,acamp,fam,0,n,undefined
UF,img_t4_2023,2023,NO,RR,,,t4_terra_2023,total_uf,oc,49,n,undefined
UF,img_t4_2023,2023,NO,RR,,,t4_terra_2023,total_uf,fam,11939,n,undefined
UF,img_t4_2023,2023,NO,TO,,,t4_terra_2023,cpt_terra,oc,62,n,undefined
UF,img_t4_2023,2023,NO,TO,,,t4_terra_2023,cpt_terra,fam,3412,n,undefined
UF,img_t4_2023,2023,NO,TO,,,t4_terra_2023,ocup,oc,3,n,undefined
UF,img_t4_2023,2023,NO,TO,,,t4_terra_2023,ocup,fam,155,n,undefined
UF,img_t4_2023,2023,NO,TO,,,t4_terra_2023,acamp,oc,5,n,undefined
UF,img_t4_2023,2023,NO,TO,,,t4_terra_2023,acamp,fam,110,n,undefined
UF,img_t4_2023,2023,NO,TO,,,t4_terra_2023,total_uf,oc,70,n,undefined
UF,img_t4_2023,2023,NO,TO,,,t4_terra_2023,total_uf,fam,3417,n,undefined
UF,img_t4_2023,2023,SE,ES,,,t4_terra_2023,cpt_terra,oc,16,n,undefined
UF,img_t4_2023,2023,SE,ES,,,t4_terra_2023,cpt_terra,fam,813,n,undefined
UF,img_t4_2023,2023,SE,ES,,,t4_terra_2023,ocup,oc,4,n,undefined
UF,img_t4_2023,2023,SE,ES,,,t4_terra_2023,ocup,fam,550,n,undefined
UF,img_t4_2023,2023,SE,ES,,,t4_terra_2023,acamp,oc,0,n,undefined
UF,img_t4_2023,2023,SE,ES,,,t4_terra_2023,acamp,fam,0,n,undefined
UF,img_t4_2023,2023,SE,ES,,,t4_terra_2023,total_uf,oc,20,n,undefined
UF,img_t4_2023,2023,SE,ES,,,t4_terra_2023,total_uf,fam,813,n,undefined
UF,img_t4_2023,2023,SE,MG,,,t4_terra_2023,cpt_terra,oc,36,n,undefined
UF,img_t4_2023,2023,SE,MG,,,t4_terra_2023,cpt_terra,fam,5607,n,undefined
UF,img_t4_2023,2023,SE,MG,,,t4_terra_2023,ocup,oc,7,n,undefined
UF,img_t4_2023,2023,SE,MG,,,t4_terra_2023,ocup,fam,493,n,undefined
UF,img_t4_2023,2023,SE,MG,,,t4_terra_2023,acamp,oc,0,n,undefined
UF,img_t4_2023,2023,SE,MG,,,t4_terra_2023,acamp,fam,0,n,undefined
UF,img_t4_2023,2023,SE,MG,,,t4_terra_2023,total_uf,oc,43,n,undefined
UF,img_t4_2023,2023,SE,MG,,,t4_terra_2023,total_uf,fam,5912,n,undefined
UF,img_t4_2023,2023,SE,RJ,,,t4_terra_2023,cpt_terra,oc,5,n,undefined
UF,img_t4_2023,2023,SE,RJ,,,t4_terra_2023,cpt_terra,fam,574,n,undefined
UF,img_t4_2023,2023,SE,RJ,,,t4_terra_2023,ocup,oc,0,n,undefined
UF,img_t4_2023,2023,SE,RJ,,,t4_terra_2023,ocup,fam,0,n,undefined
UF,img_t4_2023,2023,SE,RJ,,,t4_terra_2023,acamp,oc,0,n,undefined
UF,img_t4_2023,2023,SE,RJ,,,t4_terra_2023,acamp,fam,0,n,undefined
UF,img_t4_2023,2023,SE,RJ,,,t4_terra_2023,total_uf,oc,5,n,undefined
UF,img_t4_2023,2023,SE,RJ,,,t4_terra_2023,total_uf,fam,574,n,undefined
UF,img_t4_2023,2023,SE,SP,,,t4_terra_2023,cpt_terra,oc,27,n,undefined
UF,img_t4_2023,2023,SE,SP,,,t4_terra_2023,cpt_terra,fam,1567,n,undefined
UF,img_t4_2023,2023,SE,SP,,,t4_terra_2023,ocup,oc,11,n,undefined
UF,img_t4_2023,2023,SE,SP,,,t4_terra_2023,ocup,fam,643,n,undefined
UF,img_t4_2023,2023,SE,SP,,,t4_terra_2023,acamp,oc,0,n,undefined
UF,img_t4_2023,2023,SE,SP,,,t4_terra_2023,acamp,fam,0,n,undefined
UF,img_t4_2023,2023,SE,SP,,,t4_terra_2023,total_uf,oc,38,n,undefined
UF,img_t4_2023,2023,SE,SP,,,t4_terra_2023,total_uf,fam,1841,n,undefined
UF,img_t4_2023,2023,S,PR,,,t4_terra_2023,cpt_terra,oc,54,n,undefined
UF,img_t4_2023,2023,S,PR,,,t4_terra_2023,cpt_terra,fam,2780,n,undefined
UF,img_t4_2023,2023,S,PR,,,t4_terra_2023,ocup,oc,2,n,undefined
UF,img_t4_2023,2023,S,PR,,,t4_terra_2023,ocup,fam,145,n,undefined
UF,img_t4_2023,2023,S,PR,,,t4_terra_2023,acamp,oc,0,n,undefined
UF,img_t4_2023,2023,S,PR,,,t4_terra_2023,acamp,fam,0,n,undefined
UF,img_t4_2023,2023,S,PR,,,t4_terra_2023,total_uf,oc,56,n,undefined
UF,img_t4_2023,2023,S,PR,,,t4_terra_2023,total_uf,fam,2780,n,undefined
UF,img_t4_2023,2023,S,RS,,,t4_terra_2023,cpt_terra,oc,13,n,undefined
UF,img_t4_2023,2023,S,RS,,,t4_terra_2023,cpt_terra,fam,1988,n,undefined
UF,img_t4_2023,2023,S,RS,,,t4_terra_2023,ocup,oc,0,n,undefined
UF,img_t4_2023,2023,S,RS,,,t4_terra_2023,ocup,fam,0,n,undefined
UF,img_t4_2023,2023,S,RS,,,t4_terra_2023,acamp,oc,0,n,undefined
UF,img_t4_2023,2023,S,RS,,,t4_terra_2023,acamp,fam,0,n,undefined
UF,img_t4_2023,2023,S,RS,,,t4_terra_2023,total_uf,oc,13,n,undefined
UF,img_t4_2023,2023,S,RS,,,t4_terra_2023,total_uf,fam,1988,n,undefined
UF,img_t4_2023,2023,S,SC,,,t4_terra_2023,cpt_terra,oc,17,n,undefined
UF,img_t4_2023,2023,S,SC,,,t4_terra_2023,cpt_terra,fam,2379,n,undefined
UF,img_t4_2023,2023,S,SC,,,t4_terra_2023,ocup,oc,2,n,undefined
UF,img_t4_2023,2023,S,SC,,,t4_terra_2023,ocup,fam,122,n,undefined
UF,img_t4_2023,2023,S,SC,,,t4_terra_2023,acamp,oc,0,n,undefined
UF,img_t4_2023,2023,S,SC,,,t4_terra_2023,acamp,fam,0,n,undefined
UF,img_t4_2023,2023,S,SC,,,t4_terra_2023,total_uf,oc,19,n,undefined
UF,img_t4_2023,2023,S,SC,,,t4_terra_2023,total_uf,fam,2379,n,undefined
BR,img_t4_2023,2023,BR,,,,t4_terra_2023,br,oc,1724,n,undefined
BR,img_t4_2023,2023,BR,,,,t4_terra_2023,br,fam,187307,n,undefined
UF,img_t5_2023,2023,CO,DF,,,t5_agua_2023,agua,oc,0,n,undefined
UF,img_t5_2023,2023,CO,DF,,,t5_agua_2023,agua,fam,0,n,undefined
UF,img_t5_2023,2023,CO,GO,,,t5_agua_2023,agua,oc,10,n,undefined
UF,img_t5_2023,2023,CO,GO,,,t5_agua_2023,agua,fam,688,n,undefined
UF,img_t5_2023,2023,CO,MS,,,t5_agua_2023,agua,oc,3,n,undefined
UF,img_t5_2023,2023,CO,MS,,,t5_agua_2023,agua,fam,3776,n,undefined
UF,img_t5_2023,2023,CO,MT,,,t5_agua_2023,agua,oc,8,n,undefined
UF,img_t5_2023,2023,CO,MT,,,t5_agua_2023,agua,fam,2106,n,undefined
UF,img_t5_2023,2023,NE,AL,,,t5_agua_2023,agua,oc,2,n,undefined
UF,img_t5_2023,2023,NE,AL,,,t5_agua_2023,agua,fam,61,n,undefined
UF,img_t5_2023,2023,NE,BA,,,t5_agua_2023,agua,oc,34,n,undefined
UF,img_t5_2023,2023,NE,BA,,,t5_agua_2023,agua,fam,2264,n,undefined
UF,img_t5_2023,2023,NE,CE,,,t5_agua_2023,agua,oc,1,n,undefined
UF,img_t5_2023,2023,NE,CE,,,t5_agua_2023,agua,fam,105,n,undefined
UF,img_t5_2023,2023,NE,MA,,,t5_agua_2023,agua,oc,22,n,undefined
UF,img_t5_2023,2023,NE,MA,,,t5_agua_2023,agua,fam,1962,n,undefined
UF,img_t5_2023,2023,NE,PB,,,t5_agua_2023,agua,oc,1,n,undefined
UF,img_t5_2023,2023,NE,PB,,,t5_agua_2023,agua,fam,4,n,undefined
UF,img_t5_2023,2023,NE,PE,,,t5_agua_2023,agua,oc,1,n,undefined
UF,img_t5_2023,2023,NE,PE,,,t5_agua_2023,agua,fam,50,n,undefined
UF,img_t5_2023,2023,NE,PI,,,t5_agua_2023,agua,oc,4,n,undefined
UF,img_t5_2023,2023,NE,PI,,,t5_agua_2023,agua,fam,24,n,undefined
UF,img_t5_2023,2023,NE,RN,,,t5_agua_2023,agua,oc,5,n,undefined
UF,img_t5_2023,2023,NE,RN,,,t5_agua_2023,agua,fam,1757,n,undefined
UF,img_t5_2023,2023,NE,SE,,,t5_agua_2023,agua,oc,1,n,undefined
UF,img_t5_2023,2023,NE,SE,,,t5_agua_2023,agua,fam,50,n,undefined
UF,img_t5_2023,2023,NO,AC,,,t5_agua_2023,agua,oc,0,n,undefined
UF,img_t5_2023,2023,NO,AC,,,t5_agua_2023,agua,fam,0,n,undefined
UF,img_t5_2023,2023,NO,AP,,,t5_agua_2023,agua,oc,8,n,undefined
UF,img_t5_2023,2023,NO,AP,,,t5_agua_2023,agua,fam,561,n,undefined
UF,img_t5_2023,2023,NO,AM,,,t5_agua_2023,agua,oc,10,n,undefined
UF,img_t5_2023,2023,NO,AM,,,t5_agua_2023,agua,fam,1959,n,undefined
UF,img_t5_2023,2023,NO,PA,,,t5_agua_2023,agua,oc,22,n,undefined
UF,img_t5_2023,2023,NO,PA,,,t5_agua_2023,agua,fam,10515,n,undefined
UF,img_t5_2023,2023,NO,RO,,,t5_agua_2023,agua,oc,20,n,undefined
UF,img_t5_2023,2023,NO,RO,,,t5_agua_2023,agua,fam,5438,n,undefined
UF,img_t5_2023,2023,NO,RR,,,t5_agua_2023,agua,oc,2,n,undefined
UF,img_t5_2023,2023,NO,RR,,,t5_agua_2023,agua,fam,174,n,undefined
UF,img_t5_2023,2023,NO,TO,,,t5_agua_2023,agua,oc,6,n,undefined
UF,img_t5_2023,2023,NO,TO,,,t5_agua_2023,agua,fam,1688,n,undefined
UF,img_t5_2023,2023,SE,ES,,,t5_agua_2023,agua,oc,16,n,undefined
UF,img_t5_2023,2023,SE,ES,,,t5_agua_2023,agua,fam,813,n,undefined
UF,img_t5_2023,2023,SE,MG,,,t5_agua_2023,agua,oc,36,n,undefined
UF,img_t5_2023,2023,SE,MG,,,t5_agua_2023,agua,fam,5607,n,undefined
UF,img_t5_2023,2023,SE,RJ,,,t5_agua_2023,agua,oc,1,n,undefined
UF,img_t5_2023,2023,SE,RJ,,,t5_agua_2023,agua,fam,4000,n,undefined
UF,img_t5_2023,2023,SE,SP,,,t5_agua_2023,agua,oc,5,n,undefined
UF,img_t5_2023,2023,SE,SP,,,t5_agua_2023,agua,fam,6138,n,undefined
UF,img_t5_2023,2023,S,PR,,,t5_agua_2023,agua,oc,44,n,undefined
UF,img_t5_2023,2023,S,PR,,,t5_agua_2023,agua,fam,818,n,undefined
UF,img_t5_2023,2023,S,RS,,,t5_agua_2023,agua,oc,1,n,undefined
UF,img_t5_2023,2023,S,RS,,,t5_agua_2023,agua,fam,456,n,undefined
UF,img_t5_2023,2023,S,SC,,,t5_agua_2023,agua,oc,2,n,undefined
UF,img_t5_2023,2023,S,SC,,,t5_agua_2023,agua,fam,514,n,undefined
BR,img_t5_2023,2023,BR,,,,t5,br,oc,225,n,undefined
BR,img_t5_2023,2023,BR,,,,t5,br,fam,49274,n,undefined
BR,img_t7_2023,2023,BR,,,,t7_2023,br,confl,2203,mix,undefined
BR,img_t7_2023,2023,BR,,,,t7_2023,br,pess,950847,mix,undefined
BR,img_t7_2023,2023,BR,,,,t7_2023,br,ass,31,mix,undefined
BR,img_t7_2023,2023,BR,,,,t7_2023,br,tent,66,mix,undefined
BR,img_t7_2023,2023,BR,,,,t7_2023,br,mortc,66,mix,undefined
BR,img_t7_2023,2023,BR,,,,t7_2023,br,amea,218,mix,undefined
BR,img_t7_2023,2023,BR,,,,t7_2023,br,tort,10,mix,undefined
BR,img_t7_2023,2023,BR,,,,t7_2023,br,preso,90,mix,undefined
BR,img_t7_2023,2023,BR,,,,t7_2023,br,agre,172,mix,undefined
Mun,img_2024,2024,,MA,Urbano Santos,Jussaral,cpt_2024,v1,1,n,fora do atlas PDF,undefined
